feature1,feature2,feature3,target
0.0,0.08333333333333348,1.0,0.0
0.15909090909090906,1.0,0.8461538461538459,1.0
0.7272727272727273,0.0,0.0,0.0
0.43181818181818177,0.7083333333333334,0.34615384615384615,1.0
1.0000000000000002,0.3333333333333336,0.9615384615384616,0.0
